,name,rating,reviews,type,hq,old,employees
0,TCS,3.9,(45.4k Reviews),Public,"Mumbai,Maharashtra + 255 more",54 years old,1 Lakh+ Employees (India)
1,Accenture,4.2,(29.8k Reviews),Public,"Dublin,Dublin + 137 more",33 years old,1 Lakh+ Employees (India)
2,Cognizant,4.0,(27k Reviews),Private,Teaneck. New Jersey. + 89 more,28 years old,1 Lakh+ Employees (India)
3,ICICI Bank,4.0,(33.6k Reviews),Public,"Mumbai,Maharashtra + 1022 more",28 years old,50k-1 Lakh Employees (India)
4,Wipro,3.9,(25.4k Reviews),Public,"Bangalore/Bengaluru,Karnataka + 261 more",77 years old,1 Lakh+ Employees (India)
5,HDFC Bank,4.0,(35.1k Reviews),Public,"Mumbai,Maharashtra + 1161 more",28 years old,1 Lakh+ Employees (India)
6,Capgemini,3.9,(22k Reviews),Public,Paris + 75 more,55 years old,1 Lakh+ Employees (India)
7,HCL Technologies,3.9,(21.5k Reviews),Public,"Noida,Uttar Pradesh + 163 more",46 years old,1 Lakh+ Employees (India)
8,Infosys,4.0,(25.7k Reviews),Public,"Bengaluru/Bangalore,Karnataka + 120 more",41 years old,1 Lakh+ Employees (India)
9,Tech Mahindra,3.8,(19.9k Reviews),Public,"Pune,Maharashtra + 197 more",36 years old,50k-1 Lakh Employees (India)
10,Genpact,4.0,(20.1k Reviews),Private,"New York,New York + 62 more",25 years old,50k-1 Lakh Employees (India)
11,Axis Bank,3.9,(17.7k Reviews),Public,"Mumbai,Maharashtra + 1024 more",29 years old,50k-1 Lakh Employees (India)
12,IBM,4.2,(14.7k Reviews),Public,"Armonk,New York + 117 more",111 years old,50k-1 Lakh Employees (India)
13,Amazon,4.2,(14.4k Reviews),Private,"Seattle,Washington + 336 more",28 years old,1 Lakh+ Employees (India)
14,Concentrix Corpo...,4.1,(14.3k Reviews),Public,"Fremont,California + 66 more",39 years old,10k-50k Employees (India)
15,Larsen & Toubro ...,4.1,(20k Reviews),Public,"Mumbai,Maharashtra + 514 more",84 years old,10k-50k Employees (India)
16,Reliance jio,4.0,(13.7k Reviews),Public,"Navi Mumbai,Maharashtra + 931 more",15 years old,10k-50k Employees (India)
17,Vodafone Idea,4.3,(13.2k Reviews),Public,"Gandhinagar,Gujrat + 556 more",4 years old,10k-50k Employees (India)
18,HDB Financial Se...,4.0,(12.4k Reviews),Private,"Ahmedabad,Gujrat + 739 more",15 years old,1 Lakh+ Employees (India)
19,Teleperformance,3.6,(10.1k Reviews),Private,Paris + 116 more,44 years old,50k-1 Lakh Employees (India)
20,Kotak Mahindra B...,3.9,(12.9k Reviews),Public,"Mumbai,Maharashtra + 464 more",19 years old,10k-50k Employees (India)
21,Reliance Industr...,4.1,(39.2k Reviews),Public,"Navi Mumbai,Maharashtra + 443 more",49 years old,1 Lakh+ Employees (India)
22,Bharti Airtel,4.1,(12.1k Reviews),Public,"Gurgaon/Gurugram,Haryana + 482 more",27 years old,5k-10k Employees (India)
23,Deloitte,4.1,(8.7k Reviews),Private,"New York,New York + 131 more",177 years old,10k-50k Employees (India)
24,Tata Motors,4.1,(8.5k Reviews),Public,"Pune,Maharashtra + 380 more",77 years old,50k-1 Lakh Employees (India)
25,Reliance Retail,4.1,(13.5k Reviews),Private,"Navi Mumbai,Maharashtra + 560 more",16 years old,1 Lakh+ Employees (India)
26,Mahindra & Mahin...,4.1,(19.9k Reviews),Public,"Mumbai,Maharashtra + 396 more",77 years old,10k-50k Employees (India)
27,WNS,3.7,(6.5k Reviews),Private,"Mumbai,Maharashtra + 21 more",26 years old,10k-50k Employees (India)
28,IndusInd Bank,3.8,(6.4k Reviews),Public,"Gurgaon/Gurugram,Haryana + 539 more",28 years old,10k-50k Employees (India)
29,DXC Technology,3.9,(6.6k Reviews),Public,"Minato,Tokyo + 56 more",31 years old,10k-50k Employees (India)
30,Hinduja Global S...,4.0,(5.8k Reviews),Public,"Bangalore/Bengaluru,Karnataka + 74 more",22 years old,1k-5k Employees (India)
31,Ernst & Young,3.8,(5.6k Reviews),Private,London + 70 more,20 years old,50k-1 Lakh Employees (India)
32,Maruti Suzuki,4.1,(5.6k Reviews),Public,"New Delhi,Delhi + 371 more",39 years old,10k-50k Employees (India)
33,Infosys BPM,4.0,(5.4k Reviews),"Bangalore/Bengaluru,Karnataka + 44 more",20 years old,10k-50k Employees (India),
34,Samsung,4.1,(7.8k Reviews),Private,"Ridgefield Park,NJ + 420 more",84 years old,50k-1 Lakh Employees (India)
35,HSBC,4.1,(5.7k Reviews),Private,"Pune,Maharashtra + 55 more",20 years old,10k-50k Employees (India)
36,BYJU'S,3.6,(9.6k Reviews),Private,"Bangalore,Karnataka + 157 more",11 years old,1k-5k Employees (India)
37,Ericsson,4.3,(5.2k Reviews),Private,"Stockholm,Stockholm County + 129 more",146 years old,10k-50k Employees (India)
38,Bajaj Finserv,4.1,(12.9k Reviews),Public,"Pune,Maharashtra + 632 more",15 years old,10k-50k Employees (India)
39,Conneqt Business...,3.8,(4.8k Reviews),Private,"Mumbai,Maharashtra + 149 more",20 years old,10k-50k Employees (India)
40,IDFC FIRST Bank,4.0,(4.7k Reviews),Public,"Mumbai,Maharashtra + 357 more",4 years old,10k-50k Employees (India)
41,Dr. Reddy's,4.2,(4.8k Reviews),Public,"Hyderabad/Secunderabad,Telangana + 128 more",36 years old,10k-50k Employees (India)
42,Startek,3.5,(4.6k Reviews),Public,"Mumbai,Maharashtra + 51 more",5 years old,5k-10k Employees (India)
43,Mphasis,3.8,(4.5k Reviews),Public,"Bangalore/Bengaluru,Karnataka + 41 more",22 years old,1k-5k Employees (India)
44,Jana Small Finan...,3.9,(4.5k Reviews),Public,"Bangalore/Bengaluru,Karnataka + 302 more",16 years old,10k-50k Employees (India)
45,Sutherland Globa...,3.9,(4.9k Reviews),Private,"Pittsford,New York + 41 more",36 years old,10k-50k Employees (India)
46,Cipla Pharmaceut...,4.1,(4.5k Reviews),Public,"Mumbai,Maharashtra + 183 more",87 years old,10k-50k Employees (India)
47,Yes Bank,4.0,(4.4k Reviews),Public,"Mumbai,Maharashtra + 350 more",18 years old,10k-50k Employees (India)
48,ICICI Prudential...,4.1,(4.3k Reviews),Public,"Mumbai,Maharashtra + 395 more",22 years old,10k-50k Employees (India)
49,Bajaj Allianz Li...,4.2,(4.4k Reviews),Private,Pune + 425 more,21 years old,10k-50k Employees (India)
50,Asian Paints,4.3,(4.8k Reviews),Public,"Mumbai,Maharashtra + 328 more",80 years old,10k-50k Employees (India)
51,NTT DATA,4.1,(8k Reviews),Private,"Chiyoda City,Tokyo + 37 more",34 years old,10k-50k Employees (India)
52,Lupin,4.2,(4.2k Reviews),Public,"Mumbai,Maharashtra + 127 more",54 years old,10k-50k Employees (India)
53,Indian Army,4.7,(4k Reviews),Public,"New Delhi,Delhi + 262 more",127 years old,1 Lakh+ Employees (India)
54,Udaan,4.2,(4k Reviews),Private,"Bangalore,Karnataka + 295 more",6 years old,10k-50k Employees (India)
55,HDFC Life,4.1,(4k Reviews),Public,"Mumbai,Maharashtra + 392 more",22 years old,10k-50k Employees (India)
56,EXL Service,3.9,(5k Reviews),Private,"New York City,New York + 32 more",23 years old,10k-50k Employees (India)
57,Zydus Cadila,4.1,(5k Reviews),Public,"Ahmedabad, India + 134 more",70 years old,10k-50k Employees (India)
58,Home Credit Fina...,4.2,(3.9k Reviews),Private,Gurugram + 101 more,10 years old,10k-50k Employees (India)
59,L&T Infotech,3.9,(3.7k Reviews),Public,"Mumbai,Maharashtra + 78 more",26 years old,10k-50k Employees (India)
60,PwC,3.8,(3.7k Reviews),Partnership,London + 57 more,24 years old,5k-10k Employees (India)
61,Bajaj Finance,4.2,(3.6k Reviews),Private,"Pune,Maharashtra + 590 more",35 years old,10k-50k Employees (India)
62,Hindustan Unilev...,4.3,(5.8k Reviews),Public,"Mumbai,Maharashtra + 342 more",89 years old,10k-50k Employees (India)
63,UltraTech Cement,4.3,(3.9k Reviews),Public,"Mumbai,Maharashtra + 324 more",39 years old,10k-50k Employees (India)
64,Ujjivan Small Fi...,4.1,(3.5k Reviews),Public,"Bangalore/Bengaluru,Karnataka + 376 more",5 years old,10k-50k Employees (India)
65,ITC,3.9,(7.1k Reviews),Public,"Kolkata,West Bengal + 219 more",47 years old,10k-50k Employees (India)
66,Hewlett-Packard ...,4.3,(5k Reviews),Private,"Houston,Texas + 86 more",83 years old,10k-50k Employees (India)
67,OPPO,4.0,(3.7k Reviews),Public,"Dongguan,Guangdong + 307 more",18 years old,10k-50k Employees (India)
68,Paytm,3.8,(4.3k Reviews),Public,Noida + 228 more,12 years old,10k-50k Employees (India)
69,Shapoorji Pallon...,4.3,(5.2k Reviews),Private,"Mumbai,Maharashtra + 133 more",157 years old,5k-10k Employees (India)
70,IIFL,3.9,(3.4k Reviews),Public,"Mumbai,Maharashtra + 446 more",27 years old,5k-10k Employees (India)
71,KPMG,3.8,(3.4k Reviews),Partnership,New York + 49 more,35 years old,10k-50k Employees (India)
72,Mindtree,4.1,(3.4k Reviews),Public,"Bangalore/Bengaluru,Karnataka + 24 more",23 years old,10k-50k Employees (India)
73,JP Morgan Chase,4.2,(3.3k Reviews),Private,"New York,New York + 20 more",22 years old,10k-50k Employees (India)
74,Shriram Transpor...,4.2,(5.2k Reviews),Public,"Mumbai,Maharashtra + 643 more",43 years old,10k-50k Employees (India)
75,Ashok Leyland,4.1,(4k Reviews),Public,"Chennai,Tamil Nadu + 184 more",74 years old,10k-50k Employees (India)
76,Mahindra & Mahin...,4.3,(3.3k Reviews),Public,"Mumbai,Maharashtra + 546 more",31 years old,10k-50k Employees (India)
77,Sun Pharmaceutic...,4.1,(3.8k Reviews),Public,Mumbai + 140 more,39 years old,10k-50k Employees (India)
78,Intelenet Global...,3.7,(3.3k Reviews),Private,"Mumbai,Maharashtra + 56 more",22 years old,10k-50k Employees (India)
79,Aurobindo Pharma,4.1,(3.5k Reviews),Public,"Hyderabad/Secunderabad,Telangana + 51 more",36 years old,1k-5k Employees (India)
80,Vivo,4.1,(3.2k Reviews),Private,"Gurgaon/Gurugram,Haryana + 322 more",13 years old,5k-10k Employees (India)
81,Apollo Hospitals,4.1,(5.1k Reviews),Public,"San Francisco,California + 163 more",39 years old,50k-1 Lakh Employees (India)
82,Reliance Communi...,4.0,(3.6k Reviews),Public,"Navi Mumbai,Maharashtra + 363 more",20 years old,10k-50k Employees (India)
83,Fidelity Nationa...,4.1,(3.3k Reviews),Private,"Jacksonville,Florida + 32 more",17 years old,10k-50k Employees (India)
84,Wells Fargo Indi...,4.3,(3.1k Reviews),Public,"San Francisco,California + 10 more",170 years old,10k-50k Employees (India)
85,Future Group,4.2,(10.1k Reviews),Private,"Mumbai,Maharashtra + 196 more",9 years old,50k-1 Lakh Employees (India)
86,Siemens,4.2,(3.2k Reviews),Public,"Munich,Bavaria + 103 more",30 years old,10k-50k Employees (India)
87,Nokia,4.4,(3.2k Reviews),Private,"Espoo,Southern Finland + 166 more",157 years old,10k-50k Employees (India)
88,Bandhan Bank,3.9,(3.3k Reviews),Public,"Kolkata,West Bengal + 504 more",21 years old,10k-50k Employees (India)
89,eClerx,3.7,(3k Reviews),Public,"Mumbai,Maharashtra + 15 more",22 years old,5k-10k Employees (India)
90,Delhivery,4.2,(3k Reviews),Private,"Delhi,NCT + 437 more",11 years old,10k-50k Employees (India)
91,Max Life Insuran...,4.2,(3k Reviews),JV,"Gurgaon/Gurugram,Haryana + 272 more",22 years old,10k-50k Employees (India)
92,Wipro BPS,3.8,(2.9k Reviews),Bengaluru + 38 more,22 years old,1 Lakh+ Employees (India),
93,TVS Motor,4.1,(3.1k Reviews),Public,"Chennai,Tamil Nadu + 231 more",43 years old,5k-10k Employees (India)
94,AU Small Finance...,4.1,(3.9k Reviews),Private,"Jaipur,Rajasthan + 281 more",26 years old,10k-50k Employees (India)
95,Cyient,3.7,(2.9k Reviews),Public,"Hyderabad/Secunderabad,Telangana + 26 more",31 years old,10k-50k Employees (India)
96,Tata Projects,4.2,(2.9k Reviews),Public,"Mumbai,Maharashtra + 191 more",43 years old,5k-10k Employees (India)
97,Oyo Rooms,3.5,(3.1k Reviews),Private,"Gurgaon,Haryana + 102 more",9 years old,1k-5k Employees (India)
98,First Source,4.0,(2.9k Reviews),Public,"Mumbai,Maharashtra + 44 more",21 years old,5k-10k Employees (India)
99,JLL,4.3,(2.9k Reviews),Private,"Mumbai,Maharashtra + 59 more",25 years old,10k-50k Employees (India)
100,Oracle,3.9,(3.6k Reviews),Public,"Austin,Texas + 31 more",45 years old,10k-50k Employees (India)
101,Hero MotoCorp,4.3,(2.9k Reviews),Public,"Gurgaon/Gurugram,Haryana + 259 more",38 years old,5k-10k Employees (India)
102,JSW Steel,3.9,(4.2k Reviews),Public,"Mumbai,Maharashtra + 88 more",40 years old,10k-50k Employees (India)
103,Hexaware Technol...,3.8,(2.9k Reviews),Public,"Mumbai,Maharashtra + 29 more",32 years old,10k-50k Employees (India)
104,TATA Steel,4.1,(4.3k Reviews),Public,"Mumbai,Maharashtra + 119 more",115 years old,10k-50k Employees (India)
105,Hyundai Motor,4.1,(3.8k Reviews),Private,Seoul + 218 more,55 years old,5k-10k Employees (India)
106,Bosch,4.3,(3.6k Reviews),Public,"Gerlingen,Baden-Wuerttemberg + 83 more",136 years old,10k-50k Employees (India)
107,JustDial,3.6,(2.7k Reviews),Public,"Mumbai,Maharashtra + 123 more",26 years old,10k-50k Employees (India)
108,Atos Syntel,3.8,(4.4k Reviews),Private,"Troy,Michigan + 14 more",42 years old,10k-50k Employees (India)
109,iEnergizer,3.5,(2.6k Reviews),Private,"Noida,Uttar Pradesh + 14 more",22 years old,5k-10k Employees (India)
110,Quess,3.9,(7.8k Reviews),Public,Bangalore + 307 more,15 years old,10k-50k Employees (India)
111,Megha Engineerin...,4.2,(2.6k Reviews),Private,"Hyderabad/Secunderabad,Telangana + 189 more",33 years old,1k-5k Employees (India)
112,Dell,4.3,(3.5k Reviews),Private,"Round Rock,Texas + 84 more",38 years old,50k-1 Lakh Employees (India)
113,Viatris,4.3,(2.5k Reviews),"Canonsburg,Pennsylvania + 61 more",61 years old,1k-5k Employees (India),
114,Godrej & Boyce M...,3.9,(2.5k Reviews),Private,"Mumbai,Maharashtra + 121 more",125 years old,10k-50k Employees (India)
115,L&T Construction,4.2,(3.5k Reviews),Public,Chennai + 254 more,78 years old,10k-50k Employees (India)
116,BNY Mellon,4.2,(2.5k Reviews),Private,"New York City,New York + 9 more",18 years old,10k-50k Employees (India)
117,Omega Healthcare,3.8,(2.5k Reviews),Private,Florida + 27 more,18 years old,1k-5k Employees (India)
118,Fullerton India,4.2,(2.4k Reviews),Private,Mumbai + 389 more,15 years old,10k-50k Employees (India)
119,SBI Cards & Paym...,3.8,(2.4k Reviews),Public,"Gurgaon/Gurugram,Haryana + 229 more",24 years old,5k-10k Employees (India)
120,Cgi Group,4.2,(2.5k Reviews),Private,"Montreal,Quebec + 14 more",31 years old,10k-50k Employees (India)
121,UnitedHealth,4.2,(4.3k Reviews),Private,"Minnetonka,Minnesota + 11 more",45 years old,10k-50k Employees (India)
122,Aditya Birla Fas...,4.3,(2.8k Reviews),Private,Mumbai + 194 more,7 years old,10k-50k Employees (India)
123,Manappuram Finan...,4.0,(3.1k Reviews),Public,"Thrissur/Trichur,Kerala + 360 more",73 years old,10k-50k Employees (India)
124,D Mart,4.0,(2.4k Reviews),Private,"Mumbai,Maharashtra + 150 more",22 years old,5k-10k Employees (India)
125,IQVIA,4.2,(2.3k Reviews),Partnership,Durham + 38 more,40 years old,10k-50k Employees (India)
126,Axis Direct,4.0,(2.3k Reviews),Private,"San Mateo,California + 265 more",11 years old,1k-5k Employees (India)
127,Dominos Pizza,4.1,(2.3k Reviews),Public,"Ypsilanti,Michigan + 198 more",62 years old,1k-5k Employees (India)
128,Nagarjuna Constr...,4.2,(2.4k Reviews),Public,"Hyderabad/Secunderabad,Telangana + 176 more",24 years old,1k-5k Employees (India)
129,CBRE,4.3,(2.3k Reviews),Private,"Los Angeles,California + 52 more",116 years old,10k-50k Employees (India)
130,Wipro Consumer ...,3.8,(2.9k Reviews),Private,"Bangalore/Bengaluru,Karnataka + 70 more",77 years old,1k-5k Employees (India)
131,Equitas Small Fi...,4.2,(2.3k Reviews),Private,"Chennai,Tamil Nadu + 285 more",15 years old,1k-5k Employees (India)
132,Royal Enfield,4.2,(2.3k Reviews),Private,"Gurgaon/Gurugram,Haryana + 227 more",67 years old,5k-10k Employees (India)
133,State Bank of In...,3.9,(2.3k Reviews),"Mumbai,Maharashtra + 333 more",216 years old,1 Lakh+ Employees (India),
134,JBM Group,4.1,(2.8k Reviews),Public,"Gurgaon/Gurugram,Haryana + 72 more",39 years old,1k-5k Employees (India)
135,Nagarro,4.6,(2.2k Reviews),Private,"Munich,Bavaria + 29 more",26 years old,5k-10k Employees (India)
136,Bajaj Auto,4.1,(5.9k Reviews),Public,"Pune,Maharashtra + 197 more",77 years old,201-500 Employees (India)
137,ICICI Lombard Ge...,3.8,(2.2k Reviews),Public,"Mumbai,Maharashtra + 193 more",21 years old,5k-10k Employees (India)
138,Tata Communicati...,4.2,(3k Reviews),Public,"Mumbai,Maharashtra + 87 more",36 years old,10k-50k Employees (India)
139,Muthoot Fincorp,4.0,(2.2k Reviews),Private,"Trivandrum/Thiruvananthapuram,Kerala + 408 more",135 years old,10k-50k Employees (India)
140,Amdocs,4.1,(2.2k Reviews),Private,"Chesterfield,Missouri + 12 more",40 years old,10k-50k Employees (India)
141,UST,4.1,(2.4k Reviews),Private,"Aliso Viejo,California + 32 more",21 years old,10k-50k Employees (India)
142,Bosch Global Sof...,4.2,(2.2k Reviews),Private,Gerlingen + 19 more,32 years old,10k-50k Employees (India)
143,Flex,4.2,(2.2k Reviews),Private,San Jose + 36 more,53 years old,10k-50k Employees (India)
144,LG Electronics,4.1,(2.2k Reviews),Public,"Seoul,Seoul + 183 more",64 years old,5k-10k Employees (India)
145,John Deere,4.4,(2.4k Reviews),Private,"Moline,Illinois + 95 more",21 years old,1k-5k Employees (India)
146,L&T Financial Se...,4.1,(2.1k Reviews),Public,"Mumbai,Maharashtra + 371 more",28 years old,10k-50k Employees (India)
147,Motherson Sumi S...,3.9,(3.5k Reviews),Public,"Noida,Uttar Pradesh + 61 more",36 years old,1k-5k Employees (India)
148,Sodexo,4.1,(2.2k Reviews),Private,Issy Les Moulineaux + 105 more,14 years old,10k-50k Employees (India)
